Workbook

Sheet 작성안내
B1: WYD 공동회의록 작성안내
B2: 일시: | 장소:
B4: 작성 방법 | C4: 각 팀은 자기 팀 이름의 시트(총괄, 대외협력(재정), 홈스테이, 교육, 청소년, 시설, 전산, 회계)에만 작성합니다.
B5: 입력 칸 | C5: 연한 노란색 칸에만 입력합니다. 한 칸 안에서 줄을 바꿀 때는 Alt+Enter를 누릅니다.
B6: 자동 취합 | C6: 팀 시트에 적은 내용은 '공동회의록' 시트에 자동으로 모입니다. 공동회의록의 팀 내용 칸은 직접 고치지 마세요.
B7: 팀별로 따로 작성할 때 | C7: 파일을 팀마다 나눠 작성했다면, 취합 담당자가 각 팀 파일에서 자기 팀 시트의 내용을 이 파일의 같은 이름 시트 같은 칸에 붙여넣으면 됩니다.
B8: 협조 요청 팀 | C8: 상호협조(논의)사항 아래 칸에 협조가 필요한 팀 이름을 적습니다. (예: 전산, 회계)
B9: 회의 당일 | C9: '공동회의록' 시트를 화면에 띄우거나 가로로 인쇄해 회의합니다. 회의에서 정한 내용은 아래 '전체회의 결정 및 후속조치' 표에 기록합니다.
B10: 작성 현황 | C10: 공동회의록 상단에 몇 팀이 작성했는지 표시됩니다.
B12: 작성 예시 (홈스테이 팀 예시 — 실제 시트에는 입력되어 있지 않습니다)
B13: 진행사항 | C13: · 홈스테이 가정 1차 모집 공지 (9/7, 9/14 주보 게재) · 신청 가정 12곳 접수, 가정 방문 4곳 완료
B14: 상호협조(논의)사항 | C14: · 신청서 온라인 접수 양식 제작 요청 · 가정별 지원금 기준 논의 필요
B15: 협조 요청 팀 | C15: 전산, 회계
B16: 결정 사항 | C16: · 가정 방문은 2인 1조로 진행
B17: 향후 계획 | C17: · 10월 중 2차 모집 공지 · 10/25까지 가정 방문 완료

Sheet 공동회의록
A1: WYD 공동회의록
A3: 일시 | C3: 장소
A4: 참석자
A5: 작성 현황 | B5: =((COUNTIF(B8:F8,"?*")>0)*1+(COUNTIF(B9:F9,"?*")>0)*1+(COUNTIF(B10:F10,"?*")>0)*1+(COUNTIF(B11:F11,"?*")>0)*1+(COUNTIF(B12:F12,"?*")>0)*1+(COUNTIF(B13:F13,"?*")>0)*1+(COUNTIF(B14:F14,"?*")>0)*1+(COUNTIF(B15:F15,"?*")>0)*1)&" / 8팀 작성"
A7: 팀 | B7: 진행사항 | C7: 상호협조(논의)사항 | D7: 협조 요청 팀 | E7: 결정 사항 | F7: 향후 계획
A8: 총괄 | B8: =IF(총괄!$B$7="","",총괄!$B$7) | C8: =IF(총괄!$B$11="","",총괄!$B$11) | D8: =IF(총괄!$C$12="","",총괄!$C$12) | E8: =IF(총괄!$B$16="","",총괄!$B$16) | F8: =IF(총괄!$B$20="","",총괄!$B$20)
A9: 대외협력(재정) | B9: =IF('대외협력(재정)'!$B$7="","",'대외협력(재정)'!$B$7) | C9: =IF('대외협력(재정)'!$B$11="","",'대외협력(재정)'!$B$11) | D9: =IF('대외협력(재정)'!$C$12="","",'대외협력(재정)'!$C$12) | E9: =IF('대외협력(재정)'!$B$16="","",'대외협력(재정)'!$B$16) | F9: =IF('대외협력(재정)'!$B$20="","",'대외협력(재정)'!$B$20)
A10: 홈스테이 | B10: =IF(홈스테이!$B$7="","",홈스테이!$B$7) | C10: =IF(홈스테이!$B$11="","",홈스테이!$B$11) | D10: =IF(홈스테이!$C$12="","",홈스테이!$C$12) | E10: =IF(홈스테이!$B$16="","",홈스테이!$B$16) | F10: =IF(홈스테이!$B$20="","",홈스테이!$B$20)
A11: 교육 | B11: =IF(교육!$B$7="","",교육!$B$7) | C11: =IF(교육!$B$11="","",교육!$B$11) | D11: =IF(교육!$C$12="","",교육!$C$12) | E11: =IF(교육!$B$16="","",교육!$B$16) | F11: =IF(교육!$B$20="","",교육!$B$20)
A12: 청소년 | B12: =IF(청소년!$B$7="","",청소년!$B$7) | C12: =IF(청소년!$B$11="","",청소년!$B$11) | D12: =IF(청소년!$C$12="","",청소년!$C$12) | E12: =IF(청소년!$B$16="","",청소년!$B$16) | F12: =IF(청소년!$B$20="","",청소년!$B$20)
A13: 시설 | B13: =IF(시설!$B$7="","",시설!$B$7) | C13: =IF(시설!$B$11="","",시설!$B$11) | D13: =IF(시설!$C$12="","",시설!$C$12) | E13: =IF(시설!$B$16="","",시설!$B$16) | F13: =IF(시설!$B$20="","",시설!$B$20)
A14: 전산 | B14: =IF(전산!$B$7="","",전산!$B$7) | C14: =IF(전산!$B$11="","",전산!$B$11) | D14: =IF(전산!$C$12="","",전산!$C$12) | E14: =IF(전산!$B$16="","",전산!$B$16) | F14: =IF(전산!$B$20="","",전산!$B$20)
A15: 회계 | B15: =IF(회계!$B$7="","",회계!$B$7) | C15: =IF(회계!$B$11="","",회계!$B$11) | D15: =IF(회계!$C$12="","",회계!$C$12) | E15: =IF(회계!$B$16="","",회계!$B$16) | F15: =IF(회계!$B$20="","",회계!$B$20)
A17: ■ 전체회의 결정 및 후속조치 (회의 중 작성)
A18: No | B18: 결정·합의 내용 | D18: 담당 팀 | E18: 기한 | F18: 비고
A19: 1
A20: 2
A21: 3
A22: 4
A23: 5
A24: 6
A25: 7
A26: 8
A28: 차기 회의

Sheet 총괄
B1: WYD 공동회의록 · 총괄 팀 작성란
B3: 작성자 | E3: 작성일
B5: ■ 진행사항
B6: 지난 회의 이후 진행한 일, 현재 진행 상황
B9: ■ 상호협조(논의)사항
B10: 다른 팀의 협조가 필요하거나 전체회의에서 논의할 사항
B12: 협조 요청 팀
B14: ■ 결정 사항
B15: 팀 내에서 결정한 사항, 전체회의에서 확정이 필요한 사항
B18: ■ 향후 계획
B19: 다음 회의까지 진행할 일정·계획

Sheet 대외협력(재정)
B1: WYD 공동회의록 · 대외협력(재정) 팀 작성란
B3: 작성자 | E3: 작성일
B5: ■ 진행사항
B6: 지난 회의 이후 진행한 일, 현재 진행 상황
B9: ■ 상호협조(논의)사항
B10: 다른 팀의 협조가 필요하거나 전체회의에서 논의할 사항
B12: 협조 요청 팀
B14: ■ 결정 사항
B15: 팀 내에서 결정한 사항, 전체회의에서 확정이 필요한 사항
B18: ■ 향후 계획
B19: 다음 회의까지 진행할 일정·계획

Sheet 홈스테이
B1: WYD 공동회의록 · 홈스테이 팀 작성란
B3: 작성자 | E3: 작성일
B5: ■ 진행사항
B6: 지난 회의 이후 진행한 일, 현재 진행 상황
B9: ■ 상호협조(논의)사항
B10: 다른 팀의 협조가 필요하거나 전체회의에서 논의할 사항
B12: 협조 요청 팀
B14: ■ 결정 사항
B15: 팀 내에서 결정한 사항, 전체회의에서 확정이 필요한 사항
B18: ■ 향후 계획
B19: 다음 회의까지 진행할 일정·계획

Sheet 교육
B1: WYD 공동회의록 · 교육 팀 작성란
B3: 작성자 | E3: 작성일
B5: ■ 진행사항
B6: 지난 회의 이후 진행한 일, 현재 진행 상황
B9: ■ 상호협조(논의)사항
B10: 다른 팀의 협조가 필요하거나 전체회의에서 논의할 사항
B12: 협조 요청 팀
B14: ■ 결정 사항
B15: 팀 내에서 결정한 사항, 전체회의에서 확정이 필요한 사항
B18: ■ 향후 계획
B19: 다음 회의까지 진행할 일정·계획

Sheet 청소년
B1: WYD 공동회의록 · 청소년 팀 작성란
B3: 작성자 | E3: 작성일
B5: ■ 진행사항
B6: 지난 회의 이후 진행한 일, 현재 진행 상황
B9: ■ 상호협조(논의)사항
B10: 다른 팀의 협조가 필요하거나 전체회의에서 논의할 사항
B12: 협조 요청 팀
B14: ■ 결정 사항
B15: 팀 내에서 결정한 사항, 전체회의에서 확정이 필요한 사항
B18: ■ 향후 계획
B19: 다음 회의까지 진행할 일정·계획

Sheet 시설
B1: WYD 공동회의록 · 시설 팀 작성란
B3: 작성자 | E3: 작성일
B5: ■ 진행사항
B6: 지난 회의 이후 진행한 일, 현재 진행 상황
B9: ■ 상호협조(논의)사항
B10: 다른 팀의 협조가 필요하거나 전체회의에서 논의할 사항
B12: 협조 요청 팀
B14: ■ 결정 사항
B15: 팀 내에서 결정한 사항, 전체회의에서 확정이 필요한 사항
B18: ■ 향후 계획
B19: 다음 회의까지 진행할 일정·계획

Sheet 전산
B1: WYD 공동회의록 · 전산 팀 작성란
B3: 작성자 | E3: 작성일
B5: ■ 진행사항
B6: 지난 회의 이후 진행한 일, 현재 진행 상황
B9: ■ 상호협조(논의)사항
B10: 다른 팀의 협조가 필요하거나 전체회의에서 논의할 사항
B12: 협조 요청 팀
B14: ■ 결정 사항
B15: 팀 내에서 결정한 사항, 전체회의에서 확정이 필요한 사항
B18: ■ 향후 계획
B19: 다음 회의까지 진행할 일정·계획

Sheet 회계
B1: WYD 공동회의록 · 회계 팀 작성란
B3: 작성자 | E3: 작성일
B5: ■ 진행사항
B6: 지난 회의 이후 진행한 일, 현재 진행 상황
B9: ■ 상호협조(논의)사항
B10: 다른 팀의 협조가 필요하거나 전체회의에서 논의할 사항
B12: 협조 요청 팀
B14: ■ 결정 사항
B15: 팀 내에서 결정한 사항, 전체회의에서 확정이 필요한 사항
B18: ■ 향후 계획
B19: 다음 회의까지 진행할 일정·계획
